id,prediction
0,moderate_left
1,moderate_left
2,moderate_left
3,moderate_left
4,moderate_right
5,moderate_left
6,moderate_left
7,moderate_left
8,moderate_left
9,moderate_left
10,moderate_left
11,moderate_left
12,moderate_left
13,moderate_right
14,moderate_left
15,moderate_left
16,moderate_right
17,moderate_left
18,moderate_left
19,moderate_left
20,moderate_left
21,moderate_left
22,moderate_left
23,moderate_left
24,moderate_left
25,moderate_left
26,left
27,moderate_left
28,moderate_left
29,left
30,moderate_left
31,moderate_right
32,moderate_left
33,moderate_left
34,moderate_left
35,moderate_left
36,moderate_left
37,moderate_left
38,moderate_left
39,moderate_left
40,moderate_left
41,moderate_left
42,right
43,moderate_left
44,moderate_left
45,moderate_left
46,moderate_left
47,moderate_left
48,moderate_left
49,moderate_right
50,moderate_left
51,moderate_left
52,moderate_left
53,moderate_left
54,moderate_right
55,moderate_left
56,moderate_left
57,moderate_right
58,moderate_right
59,moderate_left
60,moderate_left
61,moderate_left
62,left
63,moderate_left
64,moderate_left
65,left
66,moderate_left
67,moderate_left
68,moderate_left
69,moderate_left
70,moderate_left
71,moderate_left
72,moderate_left
73,moderate_right
74,moderate_right
75,moderate_right
76,moderate_left
77,moderate_right
78,moderate_left
79,left
80,moderate_left
81,moderate_right
82,moderate_left
83,moderate_right
84,moderate_left
85,moderate_left
86,moderate_left
87,moderate_left
88,moderate_left
89,moderate_left
90,moderate_right
91,moderate_left
92,moderate_left
93,moderate_left
94,moderate_left
95,moderate_left
96,moderate_left
97,left
98,moderate_left
99,moderate_left
100,moderate_left
101,moderate_left
102,moderate_left
103,moderate_left
104,moderate_left
105,moderate_left
106,moderate_left
107,moderate_right
108,moderate_left
109,moderate_left
110,moderate_left
111,moderate_left
112,moderate_left
113,left
114,moderate_left
115,moderate_left
116,moderate_left
117,moderate_left
118,moderate_left
119,left
120,moderate_right
121,moderate_left
122,moderate_left
123,moderate_left
124,moderate_left
125,moderate_left
126,left
127,moderate_left
128,moderate_left
129,moderate_right
130,moderate_left
131,moderate_left
132,moderate_right
133,moderate_right
134,moderate_left
135,moderate_left
136,moderate_left
137,moderate_left
138,moderate_left
139,left
140,left
141,moderate_right
142,moderate_left
143,moderate_left
144,moderate_left
145,moderate_left
146,moderate_left
147,left
148,moderate_left
149,moderate_right
150,moderate_left
151,moderate_left
152,moderate_left
153,moderate_left
154,moderate_left
155,moderate_right
156,moderate_left
157,moderate_left
158,moderate_left
159,moderate_right
160,moderate_left
161,moderate_right
162,moderate_right
163,moderate_right
164,moderate_right
165,moderate_left
166,moderate_left
167,moderate_left
168,moderate_left
169,moderate_left
170,moderate_left
171,moderate_left
172,moderate_left
173,moderate_left
174,moderate_left
175,moderate_left
176,moderate_left
177,moderate_left
178,moderate_left
179,moderate_right
180,moderate_left
181,left
182,moderate_left
183,moderate_left
184,moderate_left
185,left
186,moderate_left
187,moderate_right
188,moderate_left
189,moderate_left
190,moderate_left
191,moderate_left
192,moderate_left
193,moderate_left
194,moderate_left
195,moderate_left
196,moderate_left
197,moderate_left
198,moderate_left
199,moderate_left
200,moderate_left
201,moderate_right
202,moderate_left
203,moderate_right
204,moderate_right
205,moderate_left
206,moderate_left
207,moderate_right
208,left
209,moderate_left
210,moderate_left
211,moderate_right
212,moderate_left
213,moderate_left
214,moderate_left
215,moderate_left
216,moderate_left
217,moderate_left
218,moderate_left
219,moderate_left
220,moderate_left
221,moderate_left
222,moderate_right
223,left
224,left
225,moderate_left
226,moderate_left
227,moderate_left
228,left
229,moderate_left
230,moderate_left
231,moderate_left
232,moderate_left
233,moderate_right
234,moderate_left
235,moderate_left
236,moderate_left
237,moderate_left
238,moderate_left
239,moderate_right
240,moderate_left
241,moderate_right
242,moderate_left
243,moderate_left
244,moderate_left
245,moderate_left
246,moderate_left
247,moderate_left
248,moderate_left
249,moderate_left
250,moderate_left
251,moderate_left
252,moderate_left
253,moderate_left
254,moderate_right
255,moderate_left
256,moderate_left
257,moderate_left
258,moderate_left
259,moderate_left
260,moderate_left
261,moderate_left
262,left
263,moderate_right
264,moderate_right
265,moderate_right
266,moderate_left
267,moderate_left
268,moderate_left
269,left
270,moderate_right
271,moderate_left
272,moderate_left
273,moderate_left
274,left
275,moderate_left
276,moderate_right
277,left
278,moderate_right
279,moderate_right
280,moderate_left
281,moderate_left
282,moderate_left
283,left
284,moderate_left
285,moderate_right
286,moderate_left
287,moderate_left
288,moderate_left
289,moderate_left
290,moderate_left
291,moderate_left
292,moderate_left
293,moderate_left
294,left
295,moderate_left
296,moderate_left
297,moderate_right
298,moderate_right
299,moderate_left
300,moderate_left
301,moderate_right
302,moderate_left
303,moderate_left
304,moderate_left
305,right
306,moderate_left
307,moderate_left
308,moderate_left
309,moderate_left
310,moderate_left
311,moderate_left
312,moderate_right
313,moderate_left
314,moderate_left
315,moderate_left
316,moderate_left
317,moderate_left
318,moderate_left
319,moderate_left
320,moderate_left
321,moderate_right
322,moderate_left
323,moderate_left
324,moderate_left
325,moderate_left
326,moderate_right
327,moderate_left
328,moderate_left
329,moderate_left
330,moderate_left
331,moderate_left
332,moderate_left
333,moderate_left
334,moderate_left
335,right
336,moderate_left
337,left
338,moderate_left
339,left
340,moderate_right
341,moderate_left
342,moderate_left
343,moderate_left
344,moderate_left
345,moderate_right
346,moderate_left
347,moderate_left
348,moderate_left
349,moderate_left
350,moderate_left
351,moderate_left
352,moderate_left
353,moderate_left
354,moderate_left
355,moderate_left
356,moderate_right
357,moderate_left
358,moderate_left
359,moderate_left
360,moderate_left
361,moderate_left
362,moderate_right
363,moderate_left
364,moderate_right
365,moderate_left
366,moderate_left
367,moderate_right
368,moderate_left
369,moderate_left
370,moderate_left
371,moderate_left
372,moderate_left
373,moderate_right
374,left
375,moderate_left
376,moderate_left
377,left
378,moderate_left
379,moderate_left
380,moderate_left
381,moderate_right
382,moderate_left
383,right
384,left
385,moderate_left
386,moderate_left
387,moderate_left
388,moderate_left
389,moderate_left
390,moderate_left
391,moderate_left
392,moderate_right
393,moderate_right
394,moderate_right
395,moderate_left
396,moderate_right
397,moderate_left
398,moderate_left
399,moderate_left
400,moderate_left
401,moderate_left
402,left
403,right
404,moderate_left
405,moderate_left
406,moderate_left
407,moderate_left
408,moderate_left
409,moderate_left
410,moderate_left
411,moderate_left
412,moderate_left
413,moderate_left
414,moderate_right
415,moderate_left
416,moderate_left
417,moderate_left
418,moderate_left
419,moderate_left
420,moderate_left
421,moderate_left
422,moderate_left
423,moderate_left
424,moderate_left
425,moderate_right
426,moderate_left
427,moderate_left
428,moderate_left
429,moderate_left
430,moderate_right
431,moderate_left
432,left
433,moderate_left
434,moderate_left
435,moderate_left
436,moderate_left
437,moderate_left
438,moderate_left
439,moderate_left
440,moderate_left
441,moderate_right
442,moderate_left
443,moderate_left
444,moderate_right
445,moderate_left
446,moderate_left
447,moderate_right
448,moderate_left
449,moderate_left
450,moderate_left
451,moderate_left
452,left
453,moderate_left
454,moderate_left
455,moderate_right
456,left
457,moderate_left
458,moderate_left
459,moderate_left
460,moderate_left
461,left
462,moderate_left
463,moderate_left
464,moderate_left
465,moderate_left
466,moderate_left
467,right
468,moderate_left
469,moderate_left
470,moderate_left
471,moderate_left
472,moderate_left
473,moderate_left
474,moderate_left
475,moderate_left
476,moderate_left
477,moderate_left
478,moderate_left
479,moderate_left
480,left
481,left
482,moderate_left
483,moderate_left
484,moderate_left
485,moderate_right
486,moderate_left
487,moderate_left
488,moderate_left
489,moderate_left
490,moderate_left
491,moderate_left
492,moderate_left
493,moderate_left
494,moderate_left
495,moderate_right
496,moderate_left
497,moderate_left
498,moderate_left
499,left
500,moderate_right
501,moderate_left
502,moderate_left
503,moderate_left
504,moderate_left
505,moderate_left
506,moderate_left
507,moderate_left
508,moderate_left
509,moderate_left
510,moderate_left
511,moderate_left
512,moderate_right
513,moderate_left
514,moderate_left
515,moderate_left
516,moderate_left
517,moderate_left
518,moderate_right
519,moderate_left
520,moderate_left
521,moderate_left
522,moderate_left
523,left
524,moderate_left
525,moderate_right
526,moderate_left
527,moderate_left
528,moderate_left
529,moderate_right
530,moderate_left
531,moderate_left
532,moderate_left
533,moderate_left
534,moderate_left
535,moderate_left
536,moderate_left
537,left
538,moderate_left
539,moderate_left
540,moderate_right
541,moderate_left
542,moderate_left
543,moderate_left
544,moderate_left
545,moderate_left
546,moderate_left
547,moderate_left
548,moderate_left
549,moderate_left
550,moderate_left
551,moderate_left
552,moderate_left
553,moderate_left
554,moderate_left
555,left
556,moderate_left
557,moderate_left
558,moderate_left
559,moderate_right
560,moderate_left
561,moderate_left
562,moderate_left
563,left
564,left
565,moderate_left
566,moderate_left
567,right
568,moderate_left
569,moderate_left
570,moderate_left
571,moderate_left
572,moderate_left
573,moderate_left
574,moderate_left
575,moderate_left
576,moderate_right
577,left
578,moderate_left
579,moderate_left
580,moderate_left
581,moderate_left
582,moderate_right
583,moderate_right
584,moderate_left
585,moderate_left
586,moderate_right
587,moderate_left
588,moderate_left
589,moderate_left
590,moderate_right
591,moderate_right
592,moderate_right
593,left
594,moderate_left
595,moderate_left
596,moderate_left
597,moderate_left
598,moderate_left
599,left
600,moderate_left
601,moderate_left
602,moderate_left
603,moderate_left
604,moderate_left
605,moderate_left
606,moderate_left
607,moderate_left
608,moderate_left
609,moderate_right
610,moderate_left
611,moderate_left
612,moderate_left
613,moderate_right
614,moderate_left
615,moderate_left
616,moderate_left
617,moderate_left
618,left
619,moderate_right
620,moderate_left
621,moderate_left
622,moderate_left
623,moderate_right
624,moderate_left
625,moderate_left
626,moderate_left
627,moderate_left
628,moderate_left
629,moderate_left
630,moderate_left
631,moderate_left
632,moderate_left
633,moderate_left
634,moderate_left
635,moderate_left
636,moderate_left
637,moderate_left
638,moderate_left
639,moderate_left
640,moderate_left
641,moderate_left
642,moderate_left
643,moderate_left
644,moderate_left
645,moderate_left
646,right
647,moderate_right
648,moderate_right
649,moderate_left
650,moderate_right
651,moderate_left
652,moderate_right
653,moderate_left
654,moderate_left
655,right
656,moderate_left
657,moderate_left
658,moderate_left
659,moderate_left
660,moderate_left
661,left
662,left
663,right
664,moderate_left
665,moderate_left
666,moderate_left
667,left
668,moderate_left
669,moderate_left
670,moderate_left
671,moderate_left
672,moderate_left
673,moderate_left
674,moderate_left
675,moderate_left
676,moderate_left
677,moderate_left
678,moderate_left
679,moderate_left
680,moderate_left
681,moderate_left
682,moderate_left
683,moderate_right
684,moderate_right
685,moderate_left
686,moderate_right
687,moderate_left
688,moderate_left
689,moderate_left
690,moderate_left
691,left
692,left
693,moderate_left
694,left
695,moderate_left
696,moderate_left
697,moderate_right
698,moderate_left
699,left
700,moderate_left
701,moderate_left
702,moderate_right
703,moderate_left
704,moderate_left
705,moderate_right
706,moderate_left
707,moderate_left
708,moderate_left
709,moderate_left
710,left
711,moderate_left
712,moderate_left
713,moderate_left
714,moderate_left
715,moderate_left
716,moderate_left
717,moderate_left
718,moderate_left
719,moderate_right
720,moderate_left
721,moderate_right
722,moderate_left
723,moderate_left
724,moderate_left
725,moderate_left
726,moderate_right
727,moderate_left
728,moderate_left
729,moderate_left
730,left
731,moderate_left
732,moderate_left
733,moderate_left
734,moderate_left
735,moderate_left
736,moderate_right
737,moderate_left
738,moderate_left
739,moderate_right
740,moderate_left
741,moderate_left
742,moderate_left
743,moderate_right
744,moderate_right
745,moderate_left
746,moderate_left
747,moderate_left
748,moderate_right
749,moderate_left
750,moderate_left
751,moderate_right
752,moderate_left
753,moderate_left
754,moderate_left
755,moderate_left
756,moderate_left
757,moderate_left
758,moderate_left
759,moderate_left
760,moderate_left
761,moderate_left
762,moderate_left
763,moderate_left
764,moderate_right
765,moderate_left
766,moderate_left
767,moderate_right
768,moderate_left
769,moderate_right
770,moderate_left
771,moderate_left
772,moderate_left
773,left
774,moderate_left
775,moderate_right
776,moderate_left
777,moderate_left
778,moderate_left
779,moderate_left
780,left
781,moderate_left
782,moderate_left
783,moderate_left
784,moderate_left
785,left
786,moderate_left
787,left
788,moderate_left
789,moderate_left
790,moderate_left
791,moderate_right
792,moderate_left
793,moderate_left
794,moderate_left
795,moderate_left
796,moderate_left
797,moderate_left
798,moderate_left
799,moderate_left
800,moderate_left
801,moderate_left
802,moderate_left
803,moderate_left
804,moderate_left
805,moderate_left
806,left
807,moderate_left
808,moderate_left
809,left
810,moderate_left
811,moderate_left
812,moderate_left
813,moderate_left
814,left
815,moderate_left
816,moderate_left
817,moderate_left
818,moderate_left
819,moderate_left
820,moderate_left
821,moderate_right
822,moderate_left
823,moderate_right
824,moderate_right
825,moderate_left
826,moderate_left
827,moderate_left
828,moderate_right
829,moderate_right
830,moderate_left
831,moderate_left
832,moderate_left
833,moderate_left
834,moderate_left
835,moderate_left
836,moderate_left
837,moderate_left
838,moderate_left
839,moderate_left
840,left
841,moderate_right
842,moderate_left
843,moderate_left
844,moderate_right
845,moderate_left
846,moderate_right
847,moderate_left
848,moderate_right
849,moderate_left
850,moderate_right
851,moderate_left
852,moderate_left
853,moderate_left
854,moderate_left
855,moderate_left
856,moderate_left
857,moderate_left
858,moderate_left
859,moderate_left
860,moderate_left
861,moderate_left
862,moderate_left
863,moderate_left
864,left
865,moderate_right
866,moderate_right
867,moderate_left
868,moderate_left
869,moderate_left
870,moderate_right
871,moderate_left
872,moderate_left
873,moderate_left
874,moderate_left
875,moderate_left
876,left
877,moderate_left
878,moderate_right
879,moderate_left
880,moderate_left
881,moderate_left
882,moderate_left
883,moderate_left
884,right
885,moderate_left
886,moderate_left
887,moderate_left
888,moderate_left
889,left
890,moderate_right
891,moderate_right
892,moderate_left
893,moderate_left
894,moderate_left
895,moderate_right
896,moderate_right
897,moderate_left
898,moderate_left
899,moderate_left
900,moderate_left
901,moderate_left
902,moderate_left
903,moderate_left
904,moderate_left
905,moderate_left
906,moderate_left
907,moderate_left
908,moderate_left
909,right
910,moderate_left
911,moderate_left
912,moderate_left
913,moderate_left
914,moderate_left
915,moderate_left
916,right
917,left
918,moderate_left
919,moderate_left
920,moderate_left
921,moderate_right
922,moderate_left
923,moderate_left
924,moderate_left
925,moderate_left
926,moderate_left
927,moderate_left
928,moderate_left
929,right
930,moderate_left
931,moderate_left
932,moderate_left
933,left
934,moderate_left
935,moderate_left
936,moderate_left
937,left
938,moderate_left
939,moderate_left
940,moderate_left
941,moderate_left
942,moderate_left
943,right
944,moderate_left
945,moderate_left
946,moderate_left
947,moderate_left
948,moderate_right
949,moderate_left
950,moderate_left
951,moderate_left
952,moderate_right
953,moderate_left
954,moderate_left
955,moderate_left
956,moderate_left
957,moderate_left
958,moderate_right
959,moderate_left
960,moderate_left
961,moderate_right
962,moderate_left
963,right
964,moderate_left
965,moderate_left
966,moderate_right
967,moderate_left
968,right
969,moderate_left
970,moderate_right
971,moderate_left
972,moderate_left
973,moderate_left
974,moderate_left
975,moderate_left
976,moderate_left
977,moderate_left
978,moderate_left
979,moderate_left
980,moderate_left
981,moderate_right
982,moderate_left
983,moderate_left
984,moderate_right
985,moderate_left
986,moderate_right
987,moderate_right
988,moderate_left
989,moderate_left
990,moderate_left
991,moderate_left
992,moderate_left
993,moderate_left
994,moderate_left
995,moderate_left
996,moderate_left
997,moderate_left
998,moderate_right
999,moderate_right
1000,moderate_left
1001,moderate_right
1002,moderate_left
1003,moderate_left
1004,moderate_left
1005,moderate_left
1006,moderate_left
1007,moderate_left
1008,moderate_left
1009,moderate_left
1010,moderate_left
1011,moderate_left
1012,moderate_left
1013,left
1014,moderate_left
1015,moderate_left
1016,moderate_right
1017,moderate_left
1018,moderate_left
1019,moderate_right
1020,moderate_right
1021,moderate_left
1022,moderate_left
1023,moderate_right
1024,moderate_left
1025,moderate_left
1026,moderate_left
1027,moderate_left
1028,moderate_left
1029,moderate_right
1030,moderate_left
1031,moderate_right
1032,moderate_left
1033,moderate_right
1034,moderate_left
1035,moderate_left
1036,moderate_left
1037,moderate_left
1038,moderate_right
1039,moderate_left
1040,moderate_left
1041,moderate_left
1042,moderate_left
1043,moderate_left
1044,moderate_left
1045,moderate_left
1046,moderate_right
1047,moderate_right
1048,left
1049,moderate_left
1050,moderate_left
1051,moderate_left
1052,moderate_left
1053,moderate_left
1054,moderate_right
1055,moderate_right
1056,moderate_right
1057,left
1058,moderate_left
1059,moderate_left
1060,left
1061,moderate_left
1062,moderate_left
1063,moderate_left
1064,left
1065,moderate_left
1066,moderate_left
1067,moderate_left
1068,moderate_left
1069,moderate_left
1070,moderate_left
1071,moderate_left
1072,moderate_right
1073,moderate_left
1074,moderate_right
1075,moderate_left
1076,right
1077,moderate_left
1078,moderate_left
1079,moderate_left
1080,moderate_left
1081,moderate_right
1082,moderate_right
1083,moderate_left
1084,moderate_left
1085,moderate_left
1086,moderate_left
1087,moderate_left
1088,moderate_left
1089,moderate_right
1090,moderate_left
1091,moderate_left
1092,moderate_right
1093,moderate_left
1094,moderate_left
1095,moderate_right
1096,moderate_left
1097,moderate_right
1098,moderate_left
1099,left
1100,left
1101,moderate_right
1102,moderate_left
1103,moderate_left
1104,moderate_right
1105,moderate_left
1106,moderate_left
1107,moderate_left
1108,moderate_left
1109,moderate_left
1110,moderate_left
1111,moderate_left
1112,moderate_left
1113,moderate_left
1114,moderate_left
1115,moderate_left
1116,moderate_left
1117,moderate_left
1118,moderate_left
1119,right
1120,moderate_left
1121,moderate_left
1122,moderate_right
1123,moderate_left
1124,moderate_right
1125,moderate_left
1126,left
1127,moderate_left
1128,moderate_left
1129,left
1130,moderate_left
1131,moderate_left
1132,moderate_left
1133,moderate_left
1134,moderate_left
1135,moderate_left
1136,moderate_left
1137,moderate_left
1138,moderate_left
1139,moderate_left
1140,moderate_left
1141,moderate_left
1142,moderate_right
1143,right
1144,moderate_left
1145,moderate_left
1146,moderate_left
1147,moderate_left
1148,moderate_left
1149,moderate_left
1150,moderate_right
1151,moderate_left
1152,moderate_left
1153,moderate_right
1154,moderate_left
1155,moderate_right
1156,moderate_left
1157,right
1158,moderate_left
1159,moderate_left
1160,moderate_left
1161,moderate_right
1162,moderate_left
1163,moderate_left
1164,left
1165,moderate_left
1166,moderate_left
1167,moderate_left
1168,left
1169,left
1170,moderate_left
1171,moderate_right
1172,moderate_right
1173,moderate_left
1174,left
1175,moderate_left
1176,moderate_left
1177,moderate_right
1178,moderate_left
1179,moderate_left
1180,moderate_left
1181,moderate_right
1182,moderate_left
1183,moderate_left
1184,moderate_left
1185,moderate_left
1186,moderate_left
1187,moderate_left
1188,moderate_left
1189,moderate_left
1190,moderate_left
1191,moderate_left
1192,moderate_left
1193,moderate_left
1194,moderate_left
1195,moderate_left
1196,moderate_left
1197,moderate_left
1198,moderate_left
1199,moderate_left
1200,moderate_left
1201,moderate_left
1202,moderate_left
1203,moderate_left
1204,moderate_left
1205,moderate_left
1206,moderate_left
1207,moderate_left
1208,moderate_right
1209,moderate_left
1210,moderate_left
1211,moderate_left
1212,moderate_right
1213,moderate_left
1214,left
1215,moderate_left
1216,moderate_left
1217,moderate_left
1218,moderate_left
1219,moderate_left
1220,moderate_left
1221,moderate_left
1222,moderate_left
1223,moderate_left
1224,moderate_left
1225,left
1226,moderate_left
1227,moderate_left
1228,moderate_left
1229,moderate_left
1230,moderate_right
1231,moderate_left
1232,moderate_left
1233,moderate_left
1234,moderate_left
1235,moderate_left
1236,moderate_left
1237,moderate_left
1238,moderate_right
1239,moderate_left
1240,moderate_left
1241,moderate_left
1242,moderate_left
1243,left
1244,moderate_left
1245,moderate_right
1246,moderate_left
1247,left
1248,moderate_left
1249,moderate_right
1250,moderate_left
1251,left
1252,left
1253,moderate_right
1254,moderate_right
1255,moderate_left
1256,left
1257,right
1258,moderate_left
1259,moderate_left
1260,moderate_left
1261,moderate_left
1262,moderate_right
1263,moderate_left
1264,moderate_left
1265,moderate_left
1266,moderate_left
1267,moderate_left
1268,moderate_left
1269,moderate_left
1270,moderate_left
1271,left
1272,moderate_left
1273,left
1274,moderate_left
1275,moderate_left
1276,moderate_left
1277,left
1278,moderate_left
1279,moderate_left
1280,moderate_right
1281,right
1282,moderate_left
1283,moderate_left
1284,moderate_left
1285,moderate_left
1286,moderate_right
1287,moderate_right
1288,moderate_left
1289,moderate_right
1290,moderate_left
1291,moderate_right
1292,moderate_left
1293,moderate_left
1294,left
1295,moderate_left
1296,moderate_right
1297,moderate_left
1298,moderate_left
1299,moderate_left
1300,moderate_right
1301,moderate_left
1302,moderate_left
1303,moderate_left
1304,moderate_right
1305,moderate_left
1306,moderate_left
1307,moderate_left
1308,moderate_right
1309,moderate_right
1310,moderate_left
1311,moderate_left
1312,moderate_left
1313,moderate_left
1314,moderate_left
1315,moderate_left
1316,moderate_left
1317,moderate_left
1318,moderate_left
1319,moderate_left
1320,moderate_left
1321,moderate_left
1322,moderate_left
1323,moderate_left
1324,moderate_left
1325,moderate_left
1326,moderate_left
1327,moderate_left
1328,moderate_left
1329,moderate_right
1330,left
1331,moderate_left
1332,moderate_left
1333,moderate_left
1334,moderate_left
1335,moderate_right
1336,moderate_right
1337,moderate_left
1338,moderate_left
1339,moderate_left
1340,moderate_right
1341,moderate_left
1342,moderate_left
1343,moderate_left
1344,moderate_left
1345,moderate_left
1346,moderate_left
1347,moderate_left
1348,right
1349,moderate_left
1350,moderate_left
1351,moderate_left
1352,moderate_left
1353,moderate_left
1354,moderate_left
1355,moderate_left
1356,moderate_right
1357,moderate_left
1358,moderate_left
1359,moderate_right
1360,right
1361,moderate_left
1362,moderate_right
1363,moderate_left
1364,moderate_left
1365,moderate_left
1366,moderate_left
1367,moderate_left
1368,moderate_left
1369,moderate_left
1370,moderate_right
1371,moderate_right
1372,moderate_left
1373,moderate_left
1374,moderate_left
1375,moderate_left
1376,moderate_left
1377,moderate_left
1378,moderate_left
1379,left
1380,moderate_left
1381,moderate_left
1382,moderate_left
1383,moderate_left
1384,left
1385,moderate_left
1386,moderate_left
1387,moderate_left
1388,moderate_right
1389,moderate_left
1390,moderate_left
1391,moderate_left
1392,moderate_left
1393,moderate_left
1394,moderate_left
1395,moderate_left
1396,moderate_right
1397,moderate_left
1398,moderate_left
1399,moderate_left
1400,moderate_left
1401,moderate_left
1402,moderate_right
1403,moderate_left
1404,right
1405,moderate_left
1406,moderate_left
1407,moderate_left
1408,moderate_left
1409,moderate_left
1410,moderate_right
1411,left
1412,moderate_left
1413,moderate_right
1414,moderate_left
1415,moderate_left
1416,moderate_right
1417,moderate_left
1418,moderate_right
1419,moderate_left
1420,right
1421,left
1422,moderate_left
1423,moderate_left
1424,moderate_left
1425,moderate_left
1426,moderate_left
1427,moderate_left
1428,moderate_left
1429,moderate_left
1430,moderate_left
1431,moderate_left
1432,moderate_right
1433,moderate_left
1434,moderate_left
1435,moderate_left
1436,moderate_left
1437,moderate_right
1438,moderate_left
1439,moderate_left
1440,moderate_left
1441,moderate_left
1442,moderate_left
1443,moderate_left
1444,moderate_left
1445,moderate_left
1446,moderate_left
1447,moderate_left
1448,moderate_left
1449,moderate_left
1450,moderate_right
1451,moderate_left
1452,moderate_left
1453,moderate_left
1454,right
1455,moderate_left
1456,moderate_left
1457,moderate_left
1458,moderate_left
1459,moderate_left
1460,moderate_left
1461,left
1462,moderate_left
1463,moderate_left
1464,moderate_left
1465,moderate_left
1466,moderate_left
1467,moderate_left
1468,right
1469,moderate_left
1470,moderate_left
1471,moderate_left
1472,moderate_right
1473,moderate_left
1474,moderate_left
1475,moderate_left
1476,moderate_left
1477,moderate_left
1478,moderate_left
1479,moderate_left
1480,moderate_left
1481,moderate_left
1482,moderate_left
1483,moderate_left
1484,moderate_left
1485,moderate_left
1486,moderate_right
1487,moderate_left
1488,moderate_left
1489,moderate_left
1490,moderate_right
1491,moderate_left
1492,moderate_left
1493,moderate_right
1494,moderate_left
1495,moderate_left
1496,moderate_left
1497,moderate_left
1498,moderate_left
1499,moderate_left
1500,moderate_left
1501,moderate_left
1502,moderate_left
1503,moderate_left
1504,moderate_left
1505,moderate_left
1506,moderate_left
1507,moderate_left
1508,moderate_right
1509,moderate_left
1510,moderate_right
1511,moderate_left
1512,moderate_right
1513,moderate_left
1514,moderate_left
1515,moderate_left
1516,moderate_right
1517,moderate_left
1518,moderate_left
1519,moderate_left
1520,left
1521,moderate_left
1522,moderate_left
1523,moderate_left
1524,moderate_left
1525,moderate_left
1526,moderate_left
1527,moderate_left
1528,moderate_left
1529,left
1530,moderate_left
1531,moderate_left
1532,moderate_left
1533,moderate_left
1534,moderate_left
1535,moderate_left
1536,moderate_left
1537,moderate_right
1538,moderate_left
1539,moderate_left
1540,moderate_left
1541,right
1542,moderate_left
1543,moderate_left
1544,moderate_left
1545,moderate_left
1546,moderate_left
1547,moderate_right
1548,moderate_left
1549,moderate_left
1550,moderate_left
1551,moderate_left
1552,moderate_left
1553,moderate_left
1554,moderate_left
1555,moderate_left
1556,moderate_left
1557,moderate_right
1558,moderate_left
1559,moderate_left
1560,moderate_right
1561,moderate_left
1562,moderate_left
1563,moderate_left
1564,moderate_left
1565,moderate_left
1566,moderate_left
1567,moderate_left
1568,left
1569,moderate_left
1570,moderate_left
1571,moderate_left
1572,moderate_left
1573,moderate_left
1574,moderate_right
1575,moderate_left
1576,moderate_left
1577,right
1578,moderate_left
1579,moderate_left
1580,moderate_right
1581,moderate_right
1582,left
1583,left
1584,moderate_left
1585,moderate_right
1586,moderate_left
1587,moderate_right
1588,moderate_left
1589,moderate_left
1590,moderate_left
1591,moderate_left
1592,moderate_right
1593,moderate_left
1594,moderate_right
1595,moderate_left
1596,moderate_left
1597,moderate_right
1598,moderate_left
1599,moderate_left
1600,moderate_left
1601,left
1602,moderate_right
1603,moderate_left
1604,moderate_left
1605,moderate_left
1606,moderate_left
1607,moderate_left
1608,left
1609,left
1610,left
1611,moderate_left
1612,moderate_left
1613,moderate_left
1614,moderate_left
1615,moderate_left
1616,moderate_left
1617,right
1618,moderate_left
1619,moderate_left
1620,moderate_left
1621,moderate_left
1622,moderate_left
1623,moderate_left
1624,moderate_left
1625,moderate_right
1626,left
1627,moderate_right
1628,moderate_left
1629,moderate_right
1630,moderate_left
1631,moderate_left
1632,moderate_left
1633,moderate_left
1634,moderate_left
1635,moderate_left
1636,moderate_left
1637,moderate_right
1638,moderate_left
1639,moderate_left
1640,moderate_left
1641,moderate_left
1642,moderate_left
1643,moderate_left
1644,moderate_left
1645,moderate_left
1646,moderate_left
1647,moderate_left
1648,moderate_left
1649,moderate_left
1650,moderate_right
1651,moderate_left
1652,moderate_left
1653,moderate_left
1654,left
1655,moderate_left
1656,moderate_left
1657,left
1658,moderate_left
1659,moderate_left
1660,moderate_left
1661,moderate_left
1662,moderate_left
1663,moderate_left
1664,moderate_left
1665,moderate_left
1666,moderate_left
1667,moderate_left
1668,moderate_left
1669,moderate_left
1670,moderate_left
1671,moderate_left
1672,moderate_left
1673,moderate_left
1674,left
1675,moderate_left
1676,moderate_left
1677,moderate_left
1678,moderate_left
1679,moderate_left
1680,moderate_left
1681,moderate_left
1682,moderate_left
1683,moderate_left
1684,moderate_left
1685,moderate_right
1686,moderate_left
1687,moderate_left
1688,moderate_left
1689,moderate_right
1690,moderate_left
1691,moderate_left
1692,moderate_left
1693,left
1694,moderate_left
1695,moderate_left
1696,moderate_left
1697,moderate_left
1698,moderate_left
1699,moderate_left
1700,moderate_left
1701,moderate_left
1702,moderate_left
1703,moderate_right
1704,moderate_left
1705,moderate_right
1706,moderate_left
1707,moderate_left
1708,moderate_left
1709,moderate_right
1710,moderate_right
1711,moderate_left
1712,moderate_left
1713,moderate_left
1714,moderate_left
1715,left
1716,moderate_left
1717,moderate_left
1718,moderate_left
1719,moderate_left
1720,moderate_left
1721,moderate_left
1722,moderate_left
1723,moderate_left
1724,moderate_left
1725,moderate_left
1726,moderate_left
1727,moderate_left
1728,moderate_left
1729,moderate_right
1730,moderate_left
1731,moderate_left
1732,moderate_left
1733,moderate_right
1734,moderate_left
1735,moderate_left
1736,moderate_left
1737,moderate_left
1738,moderate_right
1739,moderate_left
1740,moderate_left
1741,moderate_left
1742,moderate_left
1743,moderate_right
1744,moderate_left
1745,moderate_left
1746,moderate_left
1747,moderate_left
1748,moderate_left
1749,moderate_left
1750,moderate_left
1751,moderate_left
1752,moderate_left
1753,moderate_right
1754,moderate_left
1755,moderate_left
1756,moderate_left
1757,moderate_left
1758,moderate_left
1759,moderate_left
1760,moderate_left
1761,moderate_right
1762,moderate_left
1763,moderate_right
1764,moderate_left
1765,moderate_left
1766,right
1767,moderate_left
1768,moderate_right
1769,moderate_left
1770,moderate_right
1771,moderate_left
1772,moderate_left
1773,moderate_left
1774,moderate_left
1775,moderate_left
1776,moderate_left
1777,moderate_left
1778,moderate_left
1779,moderate_left
1780,moderate_left
1781,moderate_left
1782,moderate_left
1783,moderate_left
1784,moderate_right
1785,moderate_left
1786,moderate_left
1787,moderate_left
1788,moderate_left
1789,moderate_left
1790,moderate_left
1791,moderate_right
1792,moderate_right
1793,right
1794,moderate_left
1795,moderate_left
1796,moderate_left
1797,moderate_left
1798,moderate_left
1799,moderate_left
1800,moderate_left
1801,moderate_left
1802,moderate_left
1803,moderate_left
1804,moderate_left
1805,moderate_left
1806,moderate_left
1807,moderate_right
1808,moderate_left
1809,moderate_left
1810,moderate_right
1811,moderate_left
1812,moderate_left
1813,moderate_left
1814,moderate_left
1815,moderate_left
1816,moderate_left
1817,moderate_left
1818,moderate_right
1819,moderate_left
1820,moderate_left
1821,moderate_left
1822,moderate_left
1823,moderate_left
1824,moderate_left
1825,moderate_left
1826,moderate_left
1827,moderate_left
1828,moderate_left
1829,moderate_left
1830,moderate_left
1831,moderate_left
1832,moderate_left
1833,moderate_left
1834,moderate_left
1835,moderate_left
1836,moderate_left
1837,moderate_left
1838,moderate_right
1839,moderate_left
1840,moderate_left
1841,moderate_left
1842,moderate_left
1843,moderate_left
1844,moderate_left
1845,moderate_right
1846,moderate_left
1847,moderate_left
1848,moderate_left
1849,moderate_left
1850,moderate_left
1851,moderate_left
1852,moderate_left
1853,moderate_left
1854,moderate_left
1855,moderate_right
1856,moderate_left
1857,left
1858,moderate_left
1859,moderate_left
1860,moderate_left
1861,moderate_left
1862,moderate_right
1863,moderate_left
1864,moderate_left
1865,moderate_left
1866,moderate_right
1867,moderate_right
1868,moderate_left
1869,moderate_left
1870,moderate_left
1871,moderate_right
1872,left
1873,moderate_left
1874,moderate_left
1875,moderate_left
1876,moderate_left
1877,moderate_right
1878,moderate_left
1879,moderate_left
1880,moderate_right
1881,left
1882,moderate_left
1883,moderate_right
1884,moderate_left
1885,moderate_left
1886,moderate_left
1887,moderate_left
1888,moderate_left
1889,moderate_left
1890,moderate_right
1891,moderate_left
1892,right
1893,moderate_right
1894,moderate_right
1895,moderate_left
1896,moderate_left
1897,moderate_left
1898,moderate_left
1899,moderate_left
1900,moderate_left
1901,moderate_left
1902,moderate_left
1903,moderate_left
1904,moderate_left
1905,moderate_right
1906,moderate_left
1907,moderate_left
1908,moderate_left
1909,moderate_left
1910,moderate_right
1911,moderate_left
1912,moderate_left
1913,right
1914,moderate_left
1915,moderate_left
1916,moderate_right
1917,moderate_left
1918,moderate_left
1919,moderate_right
1920,moderate_left
1921,moderate_left
1922,moderate_left
1923,left
1924,left
1925,moderate_left
1926,moderate_left
1927,moderate_left
1928,left
1929,moderate_left
1930,moderate_left
1931,left
1932,moderate_left
1933,right
1934,moderate_left
1935,moderate_left
1936,moderate_left
1937,moderate_left
1938,left
1939,moderate_left
1940,moderate_left
1941,right
1942,moderate_right
1943,moderate_left
1944,moderate_left
1945,moderate_left
1946,moderate_left
1947,moderate_left
1948,right
1949,moderate_left
1950,moderate_left
1951,moderate_right
1952,moderate_left
1953,moderate_left
1954,moderate_left
1955,moderate_left
1956,moderate_left
1957,moderate_left
1958,moderate_left
1959,moderate_left
1960,moderate_left
1961,moderate_right
1962,moderate_right
1963,moderate_left
1964,moderate_left
1965,moderate_left
1966,moderate_left
1967,moderate_left
1968,moderate_left
1969,moderate_left
1970,left
1971,moderate_left
1972,moderate_left
1973,moderate_left
1974,moderate_left
1975,moderate_left
1976,moderate_left
1977,moderate_left
1978,moderate_left
1979,moderate_left
1980,moderate_left
1981,moderate_left
1982,moderate_left
1983,moderate_left
1984,moderate_left
1985,moderate_right
1986,moderate_left
1987,moderate_left
1988,moderate_left
1989,moderate_left
1990,moderate_right
1991,moderate_left
1992,moderate_left
1993,moderate_left
1994,left
1995,moderate_left
1996,moderate_right
1997,moderate_left
1998,moderate_left
1999,right
2000,moderate_left
2001,moderate_left
2002,moderate_left
2003,moderate_left
2004,moderate_left
2005,moderate_left
2006,moderate_left
2007,moderate_left
2008,left
2009,moderate_left
2010,moderate_left
2011,moderate_left
2012,moderate_left
2013,left
2014,moderate_left
2015,moderate_left
2016,moderate_right
2017,moderate_left
2018,moderate_right
2019,moderate_left
2020,moderate_left
2021,moderate_left
2022,moderate_left
2023,moderate_left
2024,moderate_left
2025,moderate_left
2026,moderate_left
2027,moderate_left
2028,moderate_left
2029,moderate_left
2030,moderate_right
2031,moderate_left
2032,moderate_left
2033,moderate_left
2034,left
2035,moderate_left
2036,moderate_right
2037,moderate_right
2038,moderate_right
2039,moderate_right
2040,moderate_left
2041,moderate_left
2042,moderate_right
2043,moderate_right
2044,moderate_left
2045,moderate_left
2046,moderate_right
2047,moderate_right
2048,moderate_left
2049,moderate_left
2050,moderate_left
2051,moderate_left
2052,moderate_left
2053,moderate_left
2054,moderate_left
2055,moderate_right
2056,moderate_left
2057,moderate_left
2058,moderate_right
2059,moderate_right
2060,moderate_right
2061,moderate_left
2062,moderate_left
2063,moderate_left
2064,moderate_left
2065,moderate_left
2066,moderate_left
2067,moderate_left
2068,left
2069,moderate_left
2070,moderate_left
2071,moderate_left
2072,moderate_left
2073,moderate_left
2074,moderate_left
2075,moderate_right
2076,moderate_left
2077,moderate_left
2078,moderate_left
2079,moderate_left
2080,moderate_left
2081,moderate_left
2082,moderate_left
2083,moderate_right
2084,moderate_left
2085,moderate_right
2086,moderate_left
2087,right
2088,moderate_left
2089,left
2090,moderate_left
2091,moderate_left
2092,moderate_left
2093,moderate_left
2094,moderate_left
2095,moderate_left
2096,moderate_left
2097,moderate_left
2098,moderate_left
2099,moderate_left
2100,moderate_left
2101,left
2102,left
2103,moderate_left
2104,moderate_left
2105,moderate_left
2106,moderate_left
2107,moderate_left
2108,moderate_left
2109,moderate_left
2110,moderate_left
2111,moderate_left
2112,moderate_left
2113,moderate_left
2114,moderate_left
2115,moderate_left
2116,moderate_left
2117,moderate_left
2118,moderate_left
2119,moderate_left
2120,moderate_left
2121,moderate_left
2122,moderate_left
2123,moderate_left
2124,moderate_left
2125,moderate_left
2126,moderate_left
2127,moderate_left
2128,moderate_right
2129,moderate_right
2130,moderate_right
2131,moderate_right
2132,moderate_left
2133,moderate_left
2134,moderate_left
2135,moderate_left
2136,moderate_left
2137,moderate_left
2138,moderate_left
2139,left
2140,moderate_left
2141,moderate_left
2142,moderate_right
2143,left
2144,moderate_left
2145,moderate_left
2146,moderate_left
2147,moderate_left
2148,moderate_left
2149,moderate_left
2150,left
2151,moderate_left
2152,moderate_left
2153,moderate_left
2154,moderate_left
2155,moderate_left
2156,moderate_left
2157,moderate_right
2158,moderate_left
2159,moderate_right
2160,moderate_left
2161,moderate_left
2162,moderate_right
2163,moderate_left
2164,moderate_left
2165,moderate_left
2166,moderate_right
2167,left
2168,moderate_left
2169,moderate_right
2170,moderate_left
2171,moderate_left
2172,moderate_left
2173,moderate_left
2174,moderate_left
2175,moderate_right
2176,moderate_left
2177,moderate_left
2178,moderate_left
2179,moderate_left
2180,moderate_right
2181,moderate_left
2182,moderate_left
2183,moderate_left
2184,moderate_left
2185,moderate_left
2186,moderate_left
2187,moderate_left
2188,moderate_left
2189,moderate_right
2190,moderate_left
2191,moderate_left
2192,moderate_left
2193,moderate_right
2194,moderate_left
2195,moderate_left
2196,moderate_left
2197,moderate_left
2198,moderate_left
2199,moderate_left
2200,moderate_left
2201,left
2202,left
2203,moderate_left
2204,moderate_left
2205,moderate_right
2206,moderate_right
2207,moderate_left
2208,moderate_left
2209,moderate_left
2210,moderate_left
2211,moderate_right
2212,moderate_left
2213,left
2214,moderate_left
2215,left
2216,moderate_left
2217,moderate_left
2218,moderate_right
2219,moderate_left
2220,moderate_left
2221,moderate_right
2222,left
2223,moderate_left
2224,moderate_left
2225,moderate_left
2226,moderate_left
2227,right
2228,moderate_left
2229,moderate_left
2230,moderate_left
2231,moderate_left
2232,moderate_left
2233,moderate_left
2234,moderate_left
2235,moderate_left
2236,moderate_right
2237,moderate_left
2238,moderate_left
2239,moderate_left
2240,left
2241,moderate_left
2242,moderate_left
2243,moderate_left
2244,moderate_left
2245,moderate_left
2246,moderate_right
2247,moderate_left
2248,moderate_left
2249,moderate_left
2250,moderate_left
2251,moderate_left
2252,moderate_left
2253,moderate_left
2254,moderate_left
2255,moderate_right
2256,moderate_left
2257,moderate_left
2258,left
2259,moderate_left
2260,moderate_left
2261,moderate_left
2262,moderate_right
2263,moderate_left
2264,moderate_right
2265,right
2266,moderate_right
2267,moderate_left
2268,moderate_left
2269,moderate_right
2270,moderate_left
2271,moderate_left
2272,moderate_left
2273,moderate_left
2274,right
2275,moderate_left
2276,left
2277,moderate_left
2278,right
2279,left
2280,moderate_left
2281,moderate_left
2282,left
2283,moderate_left
2284,moderate_left
2285,moderate_left
2286,moderate_left
2287,moderate_right
2288,moderate_left
2289,moderate_left
2290,moderate_left
2291,moderate_left
2292,moderate_left
2293,moderate_left
2294,moderate_left
2295,moderate_left
2296,moderate_left
2297,left
2298,moderate_left
2299,moderate_left
2300,moderate_left
2301,moderate_left
2302,moderate_left
2303,moderate_left
2304,moderate_right
2305,moderate_left
2306,moderate_left
2307,moderate_left
2308,moderate_left
2309,moderate_right
2310,moderate_right
2311,moderate_left
2312,moderate_left
2313,moderate_left
2314,moderate_left
2315,moderate_left
2316,moderate_left
2317,moderate_left
2318,moderate_left
2319,left
2320,moderate_left
2321,moderate_right
2322,moderate_left
2323,moderate_right
2324,moderate_right
2325,moderate_left
2326,moderate_left
2327,moderate_left
2328,moderate_left
2329,moderate_left
2330,moderate_left
2331,moderate_left
2332,moderate_left
2333,moderate_right
2334,moderate_left
2335,moderate_left
2336,left
2337,moderate_left
2338,moderate_left
2339,moderate_left
2340,moderate_left
2341,moderate_left
2342,moderate_left
2343,moderate_left
2344,moderate_left
2345,left
2346,moderate_left
2347,moderate_right
2348,moderate_left
2349,moderate_left
2350,moderate_left
2351,moderate_left
2352,moderate_left
2353,moderate_left
2354,moderate_left
2355,moderate_right
2356,moderate_left
2357,moderate_left
2358,moderate_left
2359,moderate_right
2360,moderate_left
2361,moderate_right
2362,moderate_left
2363,moderate_left
2364,moderate_left
2365,moderate_left
2366,moderate_left
2367,moderate_left
2368,moderate_left
2369,moderate_left
2370,moderate_left
2371,moderate_right
2372,moderate_left
2373,moderate_left
2374,moderate_left
2375,left
2376,moderate_left
2377,moderate_left
2378,moderate_left
2379,moderate_left
2380,moderate_right
2381,moderate_left
2382,moderate_left
2383,moderate_left
2384,moderate_right
2385,moderate_left
2386,moderate_left
2387,moderate_left
2388,moderate_left
2389,moderate_left
2390,moderate_left
2391,moderate_left
2392,moderate_left
2393,moderate_left
2394,moderate_left
2395,moderate_left
2396,moderate_left
2397,moderate_left
2398,moderate_left
2399,moderate_left
2400,moderate_left
2401,moderate_left
2402,moderate_left
2403,moderate_left
2404,moderate_left
2405,moderate_left
2406,right
2407,left
2408,moderate_left
2409,moderate_left
2410,moderate_left
2411,moderate_left
2412,moderate_left
2413,moderate_right
2414,moderate_left
2415,moderate_left
2416,moderate_left
2417,moderate_left
2418,moderate_left
2419,moderate_right
2420,moderate_left
2421,moderate_left
2422,moderate_left
2423,moderate_right
2424,moderate_left
2425,moderate_right
2426,moderate_left
2427,moderate_right
2428,left
2429,moderate_right
2430,moderate_right
2431,moderate_left
2432,moderate_left
2433,moderate_left
2434,moderate_left
2435,moderate_left
2436,moderate_left
2437,moderate_right
2438,moderate_left
2439,moderate_left
2440,moderate_right
2441,moderate_left
2442,moderate_left
2443,moderate_left
2444,left
2445,moderate_left
2446,left
2447,moderate_left
2448,moderate_left
2449,moderate_left
2450,moderate_left
2451,moderate_left
2452,moderate_left
2453,moderate_right
2454,moderate_right
2455,moderate_left
2456,moderate_left
2457,moderate_left
2458,moderate_right
2459,moderate_left
2460,moderate_right
2461,moderate_left
2462,moderate_right
2463,moderate_right
2464,moderate_left
2465,moderate_left
2466,moderate_left
2467,moderate_left
2468,moderate_left
2469,moderate_left
2470,moderate_left
2471,moderate_right
2472,moderate_left
2473,moderate_left
2474,moderate_left
2475,left
2476,moderate_left
2477,left
2478,moderate_right
2479,moderate_right
2480,moderate_left
2481,moderate_left
2482,moderate_left
2483,moderate_left
2484,moderate_left
2485,right
2486,moderate_left
2487,moderate_left
2488,moderate_left
2489,moderate_left
2490,moderate_left
2491,moderate_left
2492,moderate_left
2493,left
2494,moderate_left
2495,moderate_left
2496,moderate_left
2497,moderate_left
2498,moderate_left
2499,moderate_right
2500,moderate_left
2501,moderate_left
2502,moderate_right
2503,moderate_left
2504,moderate_left
2505,moderate_left
2506,moderate_right
2507,moderate_left
2508,moderate_left
2509,left
2510,moderate_left
2511,moderate_left
2512,moderate_left
2513,moderate_left
2514,right
2515,moderate_left
2516,moderate_left
2517,moderate_left
2518,moderate_left
2519,moderate_left
2520,moderate_left
2521,moderate_left
2522,moderate_left
2523,moderate_right
2524,moderate_left
2525,moderate_left
2526,moderate_left
2527,moderate_left
2528,moderate_left
2529,moderate_right
2530,moderate_left
2531,moderate_left
2532,moderate_left
2533,moderate_left
2534,right
2535,moderate_left
2536,moderate_left
2537,moderate_left
2538,moderate_left
2539,moderate_left
2540,moderate_right
2541,moderate_right
2542,moderate_left
2543,moderate_left
2544,moderate_left
2545,moderate_left
2546,moderate_right
2547,right
2548,moderate_left
2549,moderate_right
2550,moderate_left
2551,right
2552,moderate_left
2553,moderate_left
2554,moderate_left
2555,moderate_left
2556,moderate_left
2557,moderate_left
2558,moderate_left
2559,left
2560,moderate_left
2561,moderate_right
2562,moderate_left
2563,moderate_left
2564,moderate_left
2565,moderate_left
2566,moderate_left
2567,moderate_left
2568,moderate_left
2569,left
2570,moderate_right
2571,moderate_left
2572,moderate_left
2573,moderate_left
2574,moderate_left
2575,moderate_left
2576,moderate_left
2577,moderate_right
2578,moderate_left
2579,moderate_left
2580,moderate_left
2581,moderate_right
2582,moderate_left
2583,moderate_left
2584,right
2585,moderate_left
2586,left
2587,moderate_right
2588,moderate_left
2589,moderate_left
2590,moderate_left
2591,moderate_left
2592,moderate_left
2593,moderate_left
2594,left
2595,moderate_left
2596,right
2597,left
2598,moderate_left
2599,moderate_left
2600,moderate_left
2601,moderate_left
2602,moderate_left
2603,moderate_right
2604,moderate_left
2605,moderate_left
2606,moderate_left
2607,moderate_right
2608,moderate_left
2609,moderate_left
2610,moderate_left
2611,moderate_left
2612,moderate_left
2613,left
2614,moderate_left
2615,moderate_left
2616,moderate_left
2617,moderate_left
2618,moderate_left
2619,moderate_left
2620,moderate_left
2621,moderate_left
2622,moderate_left
2623,moderate_left
2624,moderate_left
2625,moderate_right
2626,moderate_left
2627,moderate_left
2628,moderate_left
2629,moderate_left
2630,moderate_left
2631,moderate_left
2632,moderate_left
2633,moderate_left
2634,moderate_left
2635,moderate_left
2636,moderate_left
2637,moderate_left
2638,moderate_left
2639,moderate_left
2640,moderate_right
2641,moderate_left
2642,moderate_right
2643,moderate_left
2644,moderate_left
2645,moderate_left
2646,moderate_right
2647,moderate_left
2648,moderate_left
2649,moderate_left
2650,moderate_left
2651,moderate_left
2652,moderate_right
2653,moderate_left
2654,moderate_left
2655,moderate_left
2656,moderate_left
2657,moderate_left
2658,moderate_left
2659,moderate_right
2660,moderate_left
2661,moderate_right
2662,moderate_left
2663,moderate_left
2664,moderate_left
2665,left
2666,moderate_left
2667,moderate_left
2668,left
2669,moderate_right
2670,right
2671,moderate_left
2672,moderate_left
2673,moderate_left
2674,moderate_left
2675,moderate_left
2676,moderate_left
2677,moderate_right
2678,moderate_left
2679,left
2680,moderate_right
2681,moderate_left
2682,moderate_left
2683,moderate_left
2684,moderate_left
2685,moderate_left
2686,moderate_left
2687,moderate_left
2688,moderate_left
2689,moderate_left
2690,moderate_right
2691,left
2692,moderate_left
2693,moderate_left
2694,right
2695,moderate_left
2696,moderate_left
2697,moderate_left
2698,moderate_left
2699,moderate_left
2700,moderate_left
2701,moderate_left
2702,moderate_left
2703,moderate_right
2704,moderate_left
2705,moderate_left
2706,moderate_left
2707,moderate_left
2708,right
2709,moderate_left
2710,moderate_right
2711,moderate_left
2712,moderate_left
2713,moderate_left
2714,moderate_left
2715,moderate_left
2716,moderate_right
2717,moderate_left
2718,moderate_left
2719,moderate_left
2720,moderate_left
2721,moderate_left
2722,left
2723,moderate_left
2724,right
2725,moderate_left
2726,moderate_left
2727,moderate_left
2728,moderate_left
2729,moderate_left
2730,moderate_right
2731,moderate_left
2732,left
2733,moderate_left
2734,moderate_left
2735,moderate_right
2736,moderate_left
2737,moderate_left
2738,moderate_left
2739,moderate_left
2740,moderate_right
2741,moderate_left
2742,moderate_left
2743,moderate_left
2744,moderate_left
2745,moderate_left
2746,moderate_left
2747,moderate_left
2748,moderate_left
2749,moderate_right
2750,moderate_left
2751,moderate_left
2752,moderate_left
2753,moderate_left
2754,moderate_left
2755,moderate_left
2756,moderate_left
2757,moderate_left
2758,moderate_left
2759,moderate_left
2760,moderate_left
2761,moderate_left
2762,moderate_left
2763,moderate_left
2764,moderate_left
2765,moderate_left
2766,moderate_right
2767,moderate_left
2768,moderate_left
2769,moderate_right
2770,moderate_left
2771,moderate_right
2772,moderate_right
2773,moderate_left
2774,moderate_left
2775,moderate_left
2776,moderate_left
2777,moderate_left
2778,moderate_left
2779,moderate_left
2780,moderate_left
2781,moderate_right
2782,moderate_right
2783,moderate_left
2784,moderate_left
2785,moderate_left
2786,moderate_left
2787,moderate_left
2788,moderate_left
2789,moderate_left
2790,moderate_left
2791,moderate_left
2792,moderate_left
2793,moderate_left
2794,moderate_right
2795,moderate_right
2796,left
2797,moderate_left
2798,moderate_left
2799,moderate_left
2800,moderate_left
2801,moderate_left
2802,moderate_left
2803,moderate_left
2804,moderate_left
2805,moderate_left
2806,moderate_left
2807,left
2808,moderate_left
2809,moderate_left
2810,moderate_left
2811,moderate_left
2812,moderate_left
2813,moderate_left
2814,moderate_left
2815,moderate_left
2816,moderate_right
2817,moderate_left
2818,moderate_left
2819,moderate_left
2820,moderate_right
2821,moderate_left
2822,moderate_left
2823,moderate_left
2824,moderate_right
2825,moderate_left
2826,moderate_left
2827,moderate_left
2828,moderate_right
2829,moderate_left
2830,moderate_right
2831,left
2832,moderate_left
2833,moderate_left
2834,moderate_left
2835,moderate_left
2836,moderate_right
2837,moderate_left
2838,moderate_left
2839,moderate_left
2840,moderate_left
2841,moderate_left
2842,moderate_left
2843,left
2844,moderate_left
2845,moderate_right
2846,left
2847,left
2848,moderate_right
2849,moderate_left
2850,moderate_left
2851,moderate_left
2852,moderate_left
2853,moderate_left
2854,moderate_left
2855,moderate_right
2856,moderate_left
2857,moderate_left
2858,moderate_left
2859,moderate_right
2860,moderate_left
2861,moderate_left
2862,moderate_left
2863,moderate_left
2864,moderate_left
2865,moderate_left
2866,moderate_left
2867,moderate_left
2868,moderate_left
2869,moderate_left
2870,moderate_left
2871,moderate_left
2872,moderate_right
2873,moderate_left
2874,moderate_left
2875,moderate_left
2876,moderate_left
2877,moderate_left
2878,moderate_left
2879,moderate_left
2880,moderate_right
2881,moderate_left
2882,moderate_left
2883,moderate_left
2884,moderate_left
2885,moderate_left
2886,moderate_left
2887,moderate_left
2888,moderate_left
2889,moderate_right
2890,moderate_left
2891,moderate_left
2892,moderate_left
2893,moderate_left
2894,moderate_left
2895,moderate_left
2896,moderate_left
2897,moderate_left
2898,left
2899,moderate_left
2900,moderate_left
2901,moderate_left
2902,moderate_right
2903,moderate_left
2904,moderate_left
2905,moderate_left
2906,left
2907,moderate_left
2908,moderate_left
2909,moderate_left
2910,moderate_left
2911,moderate_left
2912,right
2913,moderate_left
2914,moderate_left
2915,moderate_left
2916,moderate_right
2917,left
2918,moderate_left
2919,moderate_right
2920,moderate_left
2921,right
2922,left
2923,moderate_left
2924,moderate_left
2925,moderate_right
2926,moderate_left
2927,moderate_left
2928,left
2929,moderate_left
2930,moderate_left
2931,moderate_left
2932,moderate_left
2933,left
2934,moderate_left
2935,moderate_right
2936,moderate_left
2937,moderate_left
2938,left
2939,moderate_left
2940,moderate_left
2941,moderate_left
2942,moderate_left
2943,moderate_left
2944,moderate_right
2945,moderate_left
2946,moderate_left
2947,moderate_left
2948,moderate_left
2949,moderate_left
2950,moderate_left
2951,moderate_left
2952,moderate_right
2953,moderate_right
2954,moderate_left
2955,moderate_right
2956,moderate_right
2957,moderate_left
2958,moderate_left
2959,moderate_left
2960,moderate_left
2961,moderate_left
2962,moderate_left
2963,moderate_right
2964,moderate_right
2965,moderate_left
2966,moderate_right
2967,moderate_left
2968,moderate_left
2969,moderate_left
2970,moderate_right
2971,moderate_left
2972,moderate_left
2973,moderate_left
2974,moderate_left
2975,moderate_left
2976,right
2977,left
2978,moderate_left
2979,moderate_left
2980,moderate_left
2981,moderate_left
2982,moderate_left
2983,moderate_right
2984,moderate_left
2985,moderate_left
2986,moderate_left
2987,left
2988,moderate_right
2989,moderate_left
2990,moderate_left
2991,moderate_left
2992,moderate_right
2993,moderate_right
2994,moderate_right
2995,moderate_left
2996,moderate_left
2997,moderate_left
2998,moderate_left
2999,moderate_left
3000,moderate_left
3001,moderate_left
3002,moderate_left
3003,moderate_left
3004,moderate_left
3005,moderate_left
3006,moderate_right
3007,moderate_left
3008,moderate_left
3009,moderate_right
3010,moderate_right
3011,moderate_left
3012,moderate_left
3013,moderate_left
3014,moderate_left
3015,moderate_left
3016,moderate_left
3017,left
3018,moderate_left
3019,moderate_right
3020,moderate_right
3021,moderate_left
3022,moderate_left
3023,moderate_left
3024,moderate_left
3025,moderate_left
3026,right
3027,moderate_left
3028,moderate_left
3029,moderate_left
3030,moderate_left
3031,moderate_left
3032,moderate_left
3033,moderate_left
3034,moderate_right
3035,moderate_left
3036,moderate_left
3037,moderate_left
3038,moderate_left
3039,moderate_left
3040,left
3041,moderate_right
3042,moderate_left
3043,moderate_left
3044,moderate_right
3045,moderate_left
3046,moderate_left
3047,moderate_left
3048,moderate_left
3049,moderate_left
3050,moderate_right
3051,moderate_left
3052,moderate_left
3053,right
3054,moderate_left
3055,left
3056,moderate_right
3057,moderate_left
3058,moderate_left
3059,moderate_left
3060,moderate_left
3061,moderate_left
3062,moderate_right
3063,moderate_left
3064,moderate_left
3065,moderate_right
3066,moderate_left
3067,moderate_left
3068,moderate_left
3069,moderate_left
3070,moderate_left
3071,moderate_left
3072,moderate_left
3073,moderate_right
3074,moderate_left
3075,left
3076,moderate_left
3077,moderate_left
3078,moderate_left
3079,left
3080,moderate_left
3081,moderate_right
3082,moderate_left
3083,moderate_right
3084,moderate_left
3085,moderate_right
3086,moderate_left
3087,moderate_left
3088,left
3089,left
3090,moderate_left
3091,moderate_left
3092,moderate_left
3093,moderate_right
3094,moderate_left
3095,moderate_left
3096,moderate_left
3097,moderate_left
3098,moderate_right
3099,moderate_left
3100,moderate_right
3101,moderate_left
3102,moderate_left
3103,right
3104,moderate_left
3105,moderate_right
3106,moderate_left
3107,moderate_left
3108,moderate_left
3109,moderate_left
3110,moderate_left
3111,moderate_left
3112,moderate_left
3113,moderate_left
3114,moderate_left
3115,moderate_left
3116,moderate_left
3117,moderate_left
3118,moderate_left
3119,moderate_left
3120,moderate_left
3121,moderate_right
3122,left
3123,moderate_left
3124,moderate_left
3125,moderate_left
3126,right
3127,moderate_left
3128,moderate_left
3129,moderate_right
3130,moderate_left
3131,left
3132,moderate_left
3133,moderate_left
3134,moderate_left
3135,moderate_left
3136,moderate_left
3137,moderate_left
3138,moderate_left
3139,moderate_left
3140,moderate_left
3141,moderate_left
3142,moderate_left
3143,moderate_left
3144,left
3145,moderate_left
3146,moderate_left
3147,moderate_left
3148,moderate_right
3149,moderate_left
3150,moderate_left
3151,moderate_left
3152,left
3153,moderate_left
3154,moderate_left
3155,moderate_left
3156,moderate_left
3157,moderate_left
3158,moderate_left
3159,right
3160,moderate_left
3161,moderate_left
3162,moderate_left
3163,moderate_left
3164,left
3165,moderate_right
3166,moderate_left
3167,left
3168,moderate_left
3169,moderate_left
3170,moderate_left
3171,moderate_left
3172,moderate_left
3173,moderate_left
3174,moderate_left
3175,moderate_right
3176,moderate_left
3177,right
3178,moderate_left
3179,moderate_left
3180,moderate_left
3181,moderate_right
3182,moderate_left
3183,moderate_left
3184,moderate_left
3185,left
3186,moderate_left
3187,moderate_left
3188,moderate_left
3189,moderate_left
3190,moderate_right
3191,moderate_left
3192,moderate_right
3193,moderate_left
3194,moderate_left
3195,moderate_left
3196,moderate_left
3197,right
3198,moderate_left
3199,left
3200,moderate_left
3201,moderate_left
3202,moderate_right
3203,moderate_left
3204,moderate_left
3205,moderate_right
3206,moderate_left
3207,left
3208,moderate_left
3209,moderate_right
3210,moderate_left
3211,moderate_left
3212,moderate_left
3213,moderate_left
3214,moderate_left
3215,moderate_right
3216,left
3217,moderate_left
3218,moderate_left
3219,moderate_left
3220,moderate_right
3221,moderate_left
3222,moderate_left
3223,moderate_left
3224,moderate_right
3225,moderate_right
3226,moderate_right
3227,moderate_left
3228,moderate_left
3229,right
3230,moderate_left
3231,moderate_left
3232,moderate_left
3233,moderate_left
3234,moderate_left
3235,moderate_left
3236,moderate_left
3237,moderate_right
3238,moderate_left
3239,moderate_left
3240,moderate_right
3241,moderate_left
3242,moderate_left
3243,moderate_left
3244,moderate_left
3245,moderate_left
3246,moderate_left
3247,moderate_left
3248,moderate_left
3249,moderate_right
3250,moderate_right
3251,moderate_left
3252,moderate_left
3253,moderate_left
3254,left
3255,moderate_right
3256,left
3257,moderate_left
3258,left
3259,right
3260,moderate_right
3261,moderate_left
3262,moderate_left
3263,moderate_left
3264,moderate_left
3265,moderate_right
3266,moderate_left
3267,moderate_left
3268,left
3269,moderate_left
3270,moderate_left
3271,left
3272,moderate_left
3273,moderate_right
3274,moderate_left
3275,moderate_left
3276,moderate_left
3277,moderate_left
3278,moderate_left
3279,moderate_left
3280,moderate_left
3281,left
3282,right
3283,moderate_left
3284,moderate_left
3285,moderate_left
3286,moderate_left
3287,moderate_left
3288,left
3289,moderate_left
3290,moderate_left
3291,moderate_left
3292,moderate_left
3293,moderate_left
3294,moderate_left
3295,moderate_left
3296,moderate_left
3297,right
3298,moderate_right
3299,moderate_left
3300,moderate_left
3301,moderate_left
3302,moderate_left
3303,moderate_left
3304,moderate_left
3305,moderate_left
3306,moderate_left
3307,moderate_left
3308,moderate_right
3309,moderate_right
3310,moderate_left
3311,moderate_left
3312,moderate_right
3313,moderate_left
3314,moderate_left
3315,moderate_right
3316,left
3317,moderate_left
3318,moderate_right
3319,moderate_left
3320,moderate_right
3321,moderate_left
3322,moderate_left
3323,moderate_right
3324,moderate_left
3325,left
3326,moderate_left
3327,moderate_left
3328,moderate_left
3329,moderate_left
3330,moderate_left
3331,moderate_left
3332,moderate_left
3333,moderate_right
3334,moderate_left
3335,moderate_right
3336,moderate_left
3337,moderate_left
3338,moderate_left
3339,moderate_left
3340,moderate_left
3341,moderate_left
3342,moderate_left
3343,moderate_left
3344,moderate_left
3345,moderate_left
3346,moderate_right
3347,moderate_left
3348,moderate_left
3349,moderate_left
3350,left
3351,moderate_left
3352,moderate_left
3353,moderate_left
3354,moderate_left
3355,moderate_right
3356,moderate_left
3357,moderate_right
3358,moderate_left
3359,moderate_left
3360,moderate_left
3361,right
3362,moderate_left
3363,moderate_left
3364,moderate_left
3365,moderate_left
3366,moderate_left
3367,moderate_right
3368,moderate_left
3369,moderate_left
3370,moderate_left
3371,moderate_left
3372,moderate_left
3373,moderate_left
3374,moderate_right
3375,moderate_left
3376,moderate_left
3377,moderate_left
3378,moderate_left
3379,moderate_left
3380,moderate_left
3381,moderate_right
3382,moderate_left
3383,left
3384,moderate_left
3385,moderate_left
3386,left
3387,moderate_left
3388,left
3389,moderate_left
3390,moderate_left
3391,moderate_left
3392,moderate_left
3393,moderate_left
3394,moderate_left
3395,moderate_left
3396,moderate_right
3397,moderate_left
3398,moderate_right
3399,moderate_left
3400,left
3401,moderate_left
3402,moderate_right
3403,moderate_left
3404,moderate_right
3405,moderate_left
3406,moderate_left
3407,moderate_left
3408,moderate_left
3409,left
3410,moderate_left
3411,moderate_left
3412,moderate_left
3413,moderate_left
3414,moderate_right
3415,moderate_left
3416,right
3417,left
3418,left
3419,moderate_left
3420,moderate_left
3421,moderate_left
3422,moderate_left
3423,moderate_right
3424,moderate_left
3425,moderate_left
3426,left
3427,moderate_left
3428,moderate_left
3429,moderate_left
3430,moderate_left
3431,moderate_left
3432,moderate_left
3433,moderate_left
3434,moderate_left
3435,moderate_left
3436,moderate_left
3437,moderate_right
3438,moderate_left
3439,moderate_left
3440,moderate_left
3441,moderate_left
3442,moderate_left
3443,moderate_left
3444,moderate_left
3445,moderate_left
3446,moderate_right
3447,moderate_left
3448,moderate_left
3449,moderate_left
3450,moderate_left
3451,moderate_left
3452,left
3453,right
3454,moderate_left
3455,moderate_left
3456,moderate_left
3457,moderate_left
3458,moderate_left
3459,right
3460,moderate_left
3461,moderate_right
3462,moderate_left
3463,moderate_left
3464,moderate_left
3465,moderate_left
3466,moderate_left
3467,moderate_right
3468,moderate_left
3469,moderate_left
3470,moderate_left
3471,moderate_left
3472,moderate_left
3473,moderate_left
3474,moderate_left
3475,moderate_left
3476,left
3477,moderate_left
3478,moderate_left
3479,moderate_left
3480,left
3481,moderate_left
3482,left
3483,moderate_left
3484,moderate_right
3485,moderate_right
3486,moderate_left
3487,moderate_left
3488,moderate_left
3489,moderate_left
3490,moderate_left
3491,moderate_left
3492,moderate_left
3493,moderate_left
3494,moderate_left
3495,moderate_right
3496,left
3497,left
3498,moderate_left
3499,left
3500,moderate_right
3501,moderate_right
3502,moderate_left
3503,moderate_left
3504,moderate_right
3505,moderate_left
3506,moderate_left
3507,moderate_right
3508,moderate_left
3509,moderate_left
3510,moderate_left
3511,moderate_left
3512,moderate_left
3513,moderate_left
3514,moderate_left
3515,moderate_left
3516,moderate_right
3517,moderate_left
3518,moderate_left
3519,moderate_left
3520,moderate_left
3521,left
3522,moderate_left
3523,moderate_left
3524,moderate_left
3525,moderate_right
3526,moderate_left
3527,moderate_left
3528,moderate_left
3529,moderate_left
3530,moderate_right
3531,moderate_left
3532,left
3533,moderate_left
3534,moderate_left
3535,moderate_left
3536,moderate_left
3537,moderate_left
3538,moderate_left
3539,moderate_left
3540,moderate_left
3541,moderate_left
3542,moderate_left
3543,moderate_left
3544,moderate_right
3545,moderate_left
3546,moderate_left
3547,moderate_left
3548,moderate_left
3549,moderate_left
3550,moderate_left
3551,moderate_left
3552,moderate_left
3553,moderate_left
3554,moderate_left
3555,moderate_left
3556,moderate_left
3557,moderate_left
3558,moderate_right
3559,moderate_left
3560,moderate_left
3561,left
3562,moderate_left
3563,moderate_left
3564,moderate_left
3565,moderate_left
3566,moderate_left
3567,moderate_left
3568,moderate_left
3569,moderate_left
3570,moderate_left
3571,moderate_left
3572,moderate_left
3573,moderate_left
3574,left
3575,moderate_left
3576,moderate_left
3577,moderate_right
3578,moderate_right
3579,moderate_left
3580,moderate_right
3581,moderate_right
3582,moderate_right
3583,right
3584,moderate_left
3585,moderate_left
3586,moderate_right
3587,moderate_left
3588,moderate_left
3589,left
3590,moderate_left
3591,moderate_left
3592,moderate_left
3593,moderate_left
3594,moderate_left
3595,moderate_left
3596,moderate_left
3597,moderate_left
3598,moderate_left
3599,moderate_left
3600,moderate_left
3601,moderate_left
3602,moderate_left
3603,moderate_left
3604,moderate_left
3605,moderate_left
3606,moderate_right
3607,moderate_left
3608,moderate_left
3609,moderate_left
3610,moderate_right
3611,moderate_left
3612,moderate_left
3613,moderate_left
3614,moderate_left
3615,moderate_left
3616,moderate_left
3617,moderate_left
3618,moderate_left
3619,moderate_left
3620,moderate_left
3621,moderate_left
3622,moderate_right
3623,moderate_left
3624,moderate_left
3625,moderate_left
3626,moderate_left
3627,moderate_left
3628,left
3629,moderate_left
3630,moderate_left
3631,moderate_left
3632,moderate_left
3633,moderate_left
3634,moderate_left
3635,moderate_left
3636,moderate_left
3637,moderate_left
3638,moderate_left
3639,moderate_left
3640,moderate_left
3641,moderate_left
3642,moderate_left
3643,moderate_left
3644,moderate_left
3645,moderate_left
3646,moderate_left
3647,left
3648,moderate_left
3649,moderate_left
3650,moderate_left
3651,left
3652,moderate_left
3653,moderate_left
3654,moderate_left
3655,right
3656,moderate_left
3657,moderate_left
3658,right
3659,right
3660,moderate_left
3661,moderate_left
3662,left
3663,moderate_left
3664,moderate_left
3665,moderate_left
3666,moderate_left
3667,moderate_left
3668,moderate_left
3669,moderate_left
3670,moderate_left
3671,moderate_left
3672,moderate_left
3673,moderate_left
3674,moderate_left
3675,moderate_left
3676,moderate_left
3677,moderate_left
3678,moderate_left
3679,moderate_left
3680,right
3681,moderate_left
3682,moderate_left
3683,moderate_left
3684,moderate_left
3685,moderate_left
3686,left
3687,moderate_left
3688,moderate_right
3689,left
3690,moderate_left
3691,moderate_left
3692,moderate_right
3693,right
3694,moderate_left
3695,moderate_left
3696,moderate_left
3697,moderate_left
3698,left
3699,moderate_right
3700,moderate_left
3701,moderate_right
3702,moderate_left
3703,moderate_left
3704,moderate_left
3705,moderate_left
3706,moderate_left
3707,moderate_left
3708,moderate_left
3709,moderate_left
3710,moderate_left
3711,moderate_left
3712,moderate_left
3713,moderate_left
3714,left
3715,moderate_left
3716,moderate_left
3717,moderate_right
3718,moderate_left
3719,moderate_left
3720,moderate_left
3721,moderate_left
3722,moderate_left
3723,left
3724,moderate_left
3725,moderate_left
3726,moderate_left
3727,moderate_left
3728,moderate_left
3729,moderate_left
3730,left
3731,moderate_right
3732,moderate_left
3733,moderate_left
3734,moderate_right
3735,moderate_left
3736,moderate_left
3737,moderate_left
3738,moderate_left
3739,moderate_right
3740,moderate_left
3741,moderate_left
3742,moderate_right
3743,moderate_left
3744,moderate_left
3745,moderate_left
3746,moderate_right
3747,left
3748,moderate_left
3749,moderate_left
3750,moderate_left
3751,moderate_left
3752,moderate_left
3753,moderate_right
3754,moderate_left
3755,moderate_left
3756,moderate_left
3757,moderate_left
3758,left
3759,moderate_left
3760,moderate_right
3761,moderate_left
3762,right
3763,moderate_left
3764,moderate_left
3765,moderate_left
3766,moderate_right
3767,moderate_left
3768,left
3769,moderate_right
3770,moderate_left
3771,moderate_left
3772,moderate_left
3773,moderate_left
3774,moderate_left
3775,moderate_left
3776,moderate_right
3777,moderate_left
3778,moderate_left
3779,moderate_left
3780,moderate_left
3781,moderate_left
3782,moderate_left
3783,moderate_left
3784,moderate_right
3785,moderate_left
3786,moderate_left
3787,moderate_left
3788,moderate_left
3789,moderate_right
3790,moderate_left
3791,moderate_left
3792,moderate_left
3793,left
3794,moderate_left
3795,moderate_left
3796,moderate_right
3797,moderate_left
3798,moderate_left
3799,moderate_left
3800,moderate_right
3801,moderate_left
3802,moderate_left
3803,moderate_left
3804,left
3805,moderate_left
3806,moderate_right
3807,moderate_left
3808,moderate_left
3809,moderate_left
3810,moderate_left
3811,moderate_left
3812,moderate_left
3813,moderate_left
3814,left
3815,moderate_left
3816,moderate_left
3817,moderate_left
3818,moderate_left
3819,moderate_left
3820,moderate_left
3821,moderate_left
3822,moderate_left
3823,moderate_left
3824,moderate_right
3825,moderate_left
3826,moderate_left
3827,moderate_left
3828,moderate_right
3829,moderate_left
3830,moderate_left
3831,left
3832,left
3833,moderate_left
3834,moderate_left
3835,moderate_left
3836,moderate_left
3837,moderate_left
3838,moderate_left
3839,moderate_left
3840,moderate_left
3841,moderate_left
3842,moderate_left
3843,moderate_left
3844,left
3845,moderate_left
3846,moderate_left
3847,moderate_left
3848,moderate_left
3849,moderate_left
3850,left
3851,moderate_left
3852,moderate_left
3853,moderate_right
3854,moderate_left
3855,left
3856,moderate_right
3857,moderate_left
3858,moderate_left
3859,moderate_left
3860,moderate_left
3861,moderate_left
3862,moderate_left
3863,left
3864,moderate_left
3865,moderate_left
3866,moderate_right
3867,left
3868,moderate_left
3869,moderate_left
3870,moderate_left
3871,moderate_right
3872,moderate_left
3873,moderate_left
3874,moderate_right
3875,moderate_left
3876,moderate_left
3877,moderate_left
3878,moderate_left
3879,moderate_right
3880,moderate_left
3881,moderate_left
3882,moderate_left
3883,moderate_left
3884,moderate_left
3885,moderate_left
3886,moderate_left
3887,moderate_right
3888,moderate_left
3889,moderate_left
3890,moderate_left
3891,moderate_right
3892,moderate_left
3893,moderate_left
3894,moderate_left
3895,moderate_left
3896,moderate_left
3897,moderate_left
3898,moderate_left
3899,moderate_left
3900,moderate_right
3901,moderate_left
3902,moderate_left
3903,moderate_left
3904,moderate_left
3905,moderate_left
3906,moderate_left
3907,moderate_right
3908,moderate_left
3909,moderate_left
3910,left
3911,moderate_left
3912,moderate_left
3913,moderate_left
3914,moderate_left
3915,moderate_left
3916,left
3917,moderate_left
3918,moderate_left
3919,moderate_left
3920,moderate_left
3921,moderate_right
3922,moderate_left
3923,moderate_left
3924,moderate_left
3925,moderate_left
3926,moderate_left
3927,moderate_left
3928,moderate_left
3929,moderate_left
3930,moderate_right
3931,moderate_left
3932,moderate_left
3933,moderate_left
3934,moderate_right
3935,right
3936,moderate_left
3937,moderate_left
3938,moderate_right
3939,moderate_left
3940,left
3941,moderate_left
3942,moderate_left
3943,moderate_left
3944,moderate_left
3945,moderate_left
3946,moderate_left
3947,moderate_left
3948,moderate_right
3949,moderate_left
3950,moderate_right
3951,moderate_right
3952,moderate_left
3953,moderate_left
3954,moderate_left
3955,moderate_left
3956,moderate_left
3957,moderate_left
3958,moderate_left
3959,moderate_left
3960,left
3961,moderate_left
3962,moderate_left
3963,moderate_left
3964,moderate_left
3965,moderate_left
3966,moderate_left
3967,moderate_left
3968,moderate_left
3969,moderate_left
3970,moderate_left
3971,moderate_left
3972,moderate_left
3973,moderate_left
3974,moderate_left
3975,moderate_left
3976,moderate_left
3977,moderate_left
3978,moderate_left
3979,moderate_right
3980,right
3981,moderate_right
3982,right
3983,moderate_left
3984,moderate_left
3985,moderate_left
3986,moderate_left
3987,right
3988,moderate_left
3989,moderate_left
3990,moderate_left
3991,moderate_left
3992,moderate_left
3993,right
3994,moderate_right
3995,moderate_left
3996,moderate_left
3997,moderate_left
3998,moderate_left
3999,moderate_left
4000,left
4001,moderate_left
4002,moderate_left
4003,moderate_left
4004,moderate_left
4005,moderate_left
4006,moderate_left
4007,moderate_left
4008,moderate_left
4009,moderate_left
4010,moderate_left
4011,moderate_left
4012,moderate_left
4013,moderate_left
4014,moderate_left
4015,moderate_left
4016,moderate_left
4017,moderate_right
4018,moderate_left
4019,moderate_left
4020,moderate_left
4021,moderate_left
4022,left
4023,moderate_right
4024,moderate_left
4025,moderate_left
4026,moderate_left
4027,moderate_left
4028,moderate_left
4029,left
4030,moderate_left
4031,moderate_left
4032,moderate_left
4033,moderate_left
4034,moderate_left
4035,moderate_left
4036,left
4037,moderate_left
4038,left
4039,moderate_left
4040,moderate_left
4041,left
4042,moderate_left
4043,moderate_left
4044,moderate_right
4045,moderate_left
4046,moderate_left
4047,moderate_left
4048,moderate_left
4049,right
4050,moderate_left
4051,moderate_right
4052,moderate_left
4053,moderate_left
4054,left
4055,moderate_left
4056,right
4057,moderate_left
4058,moderate_right
4059,moderate_left
4060,moderate_left
4061,moderate_right
4062,moderate_left
4063,moderate_left
4064,moderate_left
4065,moderate_left
4066,moderate_left
4067,moderate_left
4068,moderate_left
4069,moderate_right
4070,moderate_left
4071,moderate_left
4072,moderate_left
4073,moderate_left
4074,moderate_right
4075,left
4076,moderate_left
4077,moderate_left
4078,moderate_left
4079,moderate_left
4080,moderate_left
4081,left
4082,moderate_left
4083,moderate_left
4084,moderate_left
4085,moderate_left
4086,moderate_left
4087,moderate_left
4088,moderate_left
4089,moderate_left
4090,moderate_left
4091,moderate_left
4092,moderate_left
4093,moderate_right
4094,moderate_left
4095,moderate_left
4096,moderate_left
4097,moderate_left
4098,moderate_left
4099,moderate_right
4100,moderate_left
4101,left
4102,moderate_right
4103,moderate_right
4104,moderate_left
4105,moderate_left
4106,moderate_left
4107,moderate_left
4108,moderate_right
4109,moderate_right
4110,moderate_left
4111,moderate_left
4112,moderate_left
4113,moderate_left
4114,moderate_left
4115,moderate_right
4116,moderate_left
4117,moderate_left
4118,moderate_left
4119,moderate_left
4120,moderate_left
4121,moderate_right
4122,moderate_left
4123,moderate_left
4124,moderate_left
4125,moderate_left
4126,moderate_left
4127,moderate_right
4128,moderate_left
4129,left
4130,moderate_right
4131,moderate_left
4132,moderate_left
4133,moderate_left
4134,moderate_left
4135,moderate_left
4136,moderate_left
4137,left
4138,moderate_left
4139,moderate_right
4140,moderate_left
4141,moderate_left
4142,moderate_left
4143,moderate_left
4144,moderate_left
4145,moderate_left
4146,moderate_left
4147,moderate_left
4148,moderate_left
4149,moderate_left
4150,moderate_right
4151,moderate_left
4152,moderate_left
4153,moderate_right
4154,moderate_left
4155,moderate_left
4156,moderate_right
4157,left
4158,moderate_left
4159,moderate_left
4160,left
4161,moderate_right
4162,moderate_left
4163,moderate_left
4164,moderate_left
4165,moderate_left
4166,left
4167,moderate_left
4168,moderate_left
4169,moderate_left
4170,moderate_left
4171,moderate_left
4172,moderate_left
4173,moderate_left
4174,moderate_left
4175,moderate_left
4176,moderate_left
4177,moderate_left
4178,moderate_left
4179,moderate_left
4180,moderate_right
4181,moderate_right
4182,moderate_left
4183,moderate_left
4184,moderate_left
4185,moderate_left
4186,moderate_left
4187,left
4188,moderate_left
4189,moderate_left
4190,moderate_right
4191,moderate_left
4192,moderate_right
4193,moderate_left
4194,left
4195,moderate_left
4196,moderate_left
4197,moderate_right
4198,moderate_left
4199,moderate_left
4200,moderate_right
4201,moderate_right
4202,moderate_left
4203,moderate_left
4204,moderate_left
4205,moderate_left
4206,moderate_left
4207,moderate_left
4208,moderate_left
4209,moderate_left
4210,moderate_left
4211,moderate_left
4212,moderate_left
4213,moderate_left
4214,left
4215,moderate_left
4216,moderate_right
4217,moderate_left
4218,moderate_left
4219,moderate_right
4220,moderate_left
4221,moderate_left
4222,moderate_left
4223,moderate_left
4224,moderate_left
4225,moderate_left
4226,left
4227,moderate_left
4228,left
4229,moderate_left
4230,moderate_right
4231,moderate_left
4232,moderate_left
4233,left
4234,left
4235,moderate_right
4236,moderate_left
4237,moderate_left
4238,moderate_right
4239,moderate_left
4240,moderate_left
4241,moderate_right
4242,moderate_left
4243,moderate_left
4244,left
4245,moderate_left
4246,moderate_right
4247,moderate_right
4248,left
4249,moderate_left
4250,moderate_left
4251,moderate_left
4252,moderate_left
4253,moderate_left
4254,moderate_left
4255,moderate_left
4256,moderate_left
4257,moderate_left
4258,moderate_left
4259,moderate_left
4260,left
4261,moderate_left
4262,left
4263,moderate_left
4264,moderate_left
4265,moderate_left
4266,moderate_left
4267,moderate_left
4268,moderate_right
4269,moderate_right
4270,moderate_left
4271,moderate_left
4272,left
4273,left
4274,moderate_left
4275,moderate_left
4276,moderate_left
4277,moderate_left
4278,moderate_left
4279,moderate_right
4280,moderate_left
4281,moderate_left
4282,moderate_left
4283,moderate_left
4284,moderate_left
4285,moderate_left
4286,moderate_left
4287,moderate_right
4288,moderate_left
4289,left
4290,moderate_left
4291,moderate_left
4292,moderate_left
4293,moderate_left
4294,moderate_left
4295,moderate_left
4296,moderate_left
4297,moderate_left
4298,moderate_left
4299,moderate_left
4300,left
4301,moderate_right
4302,moderate_left
4303,moderate_left
4304,moderate_left
4305,moderate_right
4306,moderate_left
4307,moderate_right
4308,moderate_left
4309,moderate_left
4310,moderate_left
4311,moderate_left
4312,moderate_left
4313,left
4314,moderate_left
4315,moderate_left
4316,right
4317,moderate_left
4318,moderate_left
4319,moderate_left
4320,moderate_left
4321,moderate_left
4322,moderate_left
4323,moderate_left
4324,moderate_left
4325,moderate_left
4326,moderate_left
4327,moderate_left
4328,moderate_left
4329,moderate_left
4330,moderate_left
4331,moderate_left
4332,moderate_left
4333,moderate_left
4334,moderate_left
4335,moderate_left
4336,moderate_left
4337,moderate_left
4338,moderate_left
4339,moderate_left
4340,moderate_left
4341,moderate_right
4342,moderate_left
4343,moderate_left
4344,moderate_left
4345,moderate_left
4346,moderate_left
4347,moderate_left
4348,left
4349,moderate_right
4350,moderate_left
4351,moderate_left
4352,moderate_left
4353,moderate_left
4354,left
4355,moderate_left
4356,moderate_left
4357,moderate_right
4358,moderate_left
4359,moderate_right
4360,moderate_left
4361,moderate_left
4362,moderate_left
4363,moderate_left
4364,moderate_left
4365,moderate_left
4366,moderate_left
4367,moderate_left
4368,moderate_left
4369,moderate_left
4370,moderate_right
4371,moderate_left
4372,left
4373,moderate_left
4374,moderate_left
4375,moderate_left
4376,moderate_left
4377,moderate_left
4378,moderate_left
4379,moderate_left
4380,moderate_left
4381,moderate_left
4382,moderate_left
4383,moderate_left
4384,moderate_right
4385,right
4386,moderate_left
4387,left
4388,moderate_left
4389,moderate_left
4390,moderate_left
4391,moderate_left
4392,moderate_left
4393,moderate_left
4394,moderate_left
4395,moderate_left
4396,moderate_left
4397,moderate_left
4398,moderate_left
4399,moderate_left
4400,moderate_left
4401,moderate_left
4402,moderate_left
4403,moderate_left
4404,moderate_left
4405,moderate_left
4406,moderate_left
4407,moderate_left
4408,moderate_right
4409,moderate_left
4410,moderate_left
4411,moderate_left
4412,moderate_right
4413,moderate_right
4414,moderate_left
4415,moderate_left
4416,moderate_left
4417,moderate_right
4418,moderate_left
4419,moderate_right
4420,left
4421,moderate_left
4422,moderate_left
4423,moderate_left
4424,moderate_left
4425,moderate_left
4426,moderate_left
4427,moderate_left
4428,right
4429,moderate_left
4430,moderate_left
4431,moderate_left
4432,moderate_left
4433,moderate_left
4434,moderate_left
4435,moderate_left
4436,moderate_left
4437,moderate_right
4438,moderate_left
4439,moderate_right
4440,moderate_left
4441,moderate_left
4442,moderate_left
4443,moderate_right
4444,moderate_left
4445,moderate_left
4446,moderate_left
4447,moderate_right
4448,moderate_left
4449,moderate_left
4450,moderate_left
4451,moderate_left
4452,moderate_left
4453,moderate_left
4454,moderate_left
4455,moderate_left
4456,moderate_left
4457,moderate_left
4458,moderate_right
4459,moderate_left
4460,moderate_right
4461,left
4462,moderate_left
4463,moderate_left
4464,moderate_right
4465,left
4466,moderate_left
4467,moderate_left
4468,moderate_left
4469,moderate_right
4470,moderate_left
4471,moderate_left
4472,moderate_left
4473,moderate_left
4474,moderate_left
4475,moderate_left
4476,moderate_left
4477,moderate_right
4478,moderate_left
4479,moderate_left
4480,moderate_left
4481,moderate_left
4482,moderate_left
4483,moderate_right
4484,moderate_left
4485,moderate_right
4486,moderate_right
4487,moderate_right
4488,moderate_left
4489,moderate_right
4490,moderate_left
4491,right
4492,moderate_left
4493,moderate_left
4494,moderate_left
4495,moderate_left
4496,moderate_left
4497,left
4498,moderate_left
4499,left
4500,moderate_left
4501,moderate_left
4502,moderate_left
4503,moderate_left
4504,moderate_left
4505,moderate_left
4506,moderate_left
4507,moderate_left
4508,moderate_left
4509,moderate_left
4510,moderate_right
4511,moderate_left
4512,moderate_left
4513,moderate_left
4514,moderate_left
4515,moderate_left
4516,moderate_left
4517,moderate_left
4518,moderate_right
4519,moderate_left
4520,moderate_left
4521,moderate_right
4522,moderate_left
4523,moderate_right
4524,moderate_left
4525,moderate_left
4526,moderate_left
4527,moderate_left
4528,moderate_left
4529,moderate_left
4530,moderate_right
4531,moderate_left
4532,moderate_left
4533,moderate_left
4534,moderate_left
4535,moderate_left
4536,moderate_left
4537,moderate_left
4538,moderate_left
4539,right
4540,moderate_left
4541,moderate_left
4542,moderate_right
4543,moderate_left
4544,moderate_left
4545,moderate_left
4546,moderate_left
4547,moderate_left
4548,moderate_left
4549,moderate_left
4550,moderate_left
4551,moderate_left
4552,left
4553,moderate_left
4554,moderate_left
4555,moderate_left
4556,moderate_left
4557,moderate_left
4558,moderate_right
4559,moderate_right
4560,moderate_right
4561,left
4562,moderate_left
4563,moderate_left
4564,moderate_right
4565,moderate_left
4566,moderate_left
4567,moderate_left
4568,left
4569,moderate_left
4570,moderate_left
4571,moderate_left
4572,moderate_left
4573,left
4574,moderate_left
4575,moderate_left
4576,left
4577,moderate_left
4578,moderate_left
4579,left
4580,moderate_right
4581,moderate_left
4582,moderate_left
4583,moderate_left
4584,moderate_left
4585,moderate_left
4586,moderate_left
4587,moderate_left
4588,moderate_left
4589,moderate_left
4590,moderate_left
4591,moderate_left
4592,moderate_left
4593,moderate_left
4594,moderate_left
4595,moderate_left
4596,moderate_left
4597,moderate_left
4598,moderate_right
4599,moderate_right
4600,moderate_right
4601,left
4602,moderate_left
4603,moderate_left
4604,moderate_left
4605,moderate_left
4606,moderate_left
4607,moderate_left
4608,moderate_right
4609,moderate_left
4610,moderate_left
4611,moderate_right
4612,moderate_left
4613,moderate_left
4614,moderate_left
4615,moderate_right
4616,moderate_left
4617,moderate_left
4618,moderate_left
4619,moderate_left
4620,moderate_right
4621,moderate_right
4622,moderate_left
4623,moderate_right
4624,moderate_left
4625,left
4626,moderate_left
4627,moderate_left
4628,moderate_left
4629,moderate_left
4630,moderate_left
4631,moderate_left
4632,moderate_left
4633,moderate_right
4634,left
4635,moderate_left
4636,moderate_left
4637,moderate_left
4638,moderate_left
4639,moderate_right
4640,moderate_left
4641,moderate_right
4642,right
4643,moderate_left
4644,moderate_left
4645,right
4646,moderate_left
4647,moderate_left
4648,moderate_right
4649,moderate_left
4650,moderate_left
4651,moderate_left
4652,moderate_left
4653,left
4654,moderate_left
4655,moderate_left
4656,moderate_left
4657,moderate_left
4658,moderate_left
4659,moderate_left
4660,moderate_right
4661,moderate_left
4662,moderate_left
4663,moderate_left
4664,moderate_left
4665,moderate_left
4666,moderate_left
4667,moderate_left
4668,moderate_left
4669,moderate_left
4670,moderate_left
4671,right
4672,right
4673,moderate_left
4674,moderate_left
4675,moderate_left
4676,moderate_left
4677,moderate_left
